frame_index,t_s,error_x_px,error_y_px,error_magnitude_px,tracker_status,detection_found,processing_time_ms
0,0.0,-200.0,0.0,200.0,TRACKING,True,10.7302
1,0.0333,-197.273,0.0,197.273,TRACKING,True,2.3901
2,0.0667,-188.087,0.0,188.087,TRACKING,True,0.4761
3,0.1,-171.931,0.0,171.931,TRACKING,True,0.4324
4,0.1333,-156.634,0.0,156.634,TRACKING,True,0.4465
5,0.1667,-143.338,0.0,143.338,TRACKING,True,0.4853
6,0.2,-131.948,0.0,131.948,TRACKING,True,0.4732
7,0.2333,-122.532,0.0,122.532,TRACKING,True,0.4641
8,0.2667,-114.707,0.0,114.707,TRACKING,True,0.4751
9,0.3,-107.835,0.0,107.835,TRACKING,True,0.4744
10,0.3333,-101.958,0.0,101.958,TRACKING,True,0.4647
11,0.3667,-96.819,0.0,96.819,TRACKING,True,0.4831
12,0.4,-91.95,0.0,91.95,TRACKING,True,0.713
13,0.4333,-87.554,0.0,87.554,TRACKING,True,0.543
14,0.4667,-83.506,0.0,83.506,TRACKING,True,0.5143
15,0.5,-79.433,0.0,79.433,TRACKING,True,0.4635
16,0.5333,-75.619,0.0,75.619,TRACKING,True,0.4895
17,0.5667,-71.995,0.0,71.995,TRACKING,True,0.4526
18,0.6,-68.228,0.0,68.228,TRACKING,True,0.4047
19,0.6333,-64.636,0.0,64.636,TRACKING,True,0.4129
20,0.6667,-61.172,0.0,61.172,TRACKING,True,0.4307
21,0.7,-57.519,0.0,57.519,TRACKING,True,0.4003
22,0.7333,-54.009,0.0,54.009,TRACKING,True,0.406
23,0.7667,-50.604,0.0,50.604,TRACKING,True,0.4378
24,0.8,-46.992,0.0,46.992,TRACKING,True,0.3923
25,0.8333,-43.512,0.0,43.512,TRACKING,True,0.4114
26,0.8667,-40.129,0.0,40.129,TRACKING,True,0.3925
27,0.9,-36.531,0.0,36.531,TRACKING,True,0.4327
28,0.9333,-33.061,0.0,33.061,TRACKING,True,0.401
29,0.9667,-29.686,0.0,29.686,TRACKING,True,0.3977
30,1.0,-26.094,0.0,26.094,TRACKING,True,0.3966
31,1.0333,-22.63,0.0,22.63,TRACKING,True,0.4083
32,1.0667,-19.26,0.0,19.26,TRACKING,True,0.3878
33,1.1,-15.672,0.0,15.672,TRACKING,True,0.4033
34,1.1333,-12.212,0.0,12.212,TRACKING,True,0.396
35,1.1667,-8.846,0.0,8.846,TRACKING,True,0.4073
36,1.2,-5.263,0.0,5.263,TRACKING,True,0.4067
37,1.2333,-1.808,0.0,1.808,TRACKING,True,0.4075
38,1.2667,1.552,0.0,1.552,TRACKING,True,0.4099
39,1.3,5.131,0.0,5.131,TRACKING,True,0.4127
40,1.3333,8.58,0.0,8.58,TRACKING,True,0.4192
41,1.3667,11.933,0.0,11.933,TRACKING,True,0.4113
42,1.4,15.505,0.0,15.505,TRACKING,True,0.41
43,1.4333,18.947,0.0,18.947,TRACKING,True,0.5027
44,1.4667,22.294,0.0,22.294,TRACKING,True,0.4955
45,1.5,25.859,0.0,25.859,TRACKING,True,0.5197
46,1.5333,29.294,0.0,29.294,TRACKING,True,0.4875
47,1.5667,32.633,0.0,32.633,TRACKING,True,0.7625
48,1.6,36.191,0.0,36.191,TRACKING,True,0.6581
49,1.6333,39.618,0.0,39.618,TRACKING,True,0.7062
50,1.6667,42.949,0.0,42.949,TRACKING,True,0.6272
51,1.7,46.5,0.0,46.5,TRACKING,True,0.4168
52,1.7333,49.919,0.0,49.919,TRACKING,True,0.4125
53,1.7667,53.243,0.0,53.243,TRACKING,True,0.4224
54,1.8,56.786,0.0,56.786,TRACKING,True,0.4183
55,1.8333,60.198,0.0,60.198,TRACKING,True,0.404
56,1.8667,63.514,0.0,63.514,TRACKING,True,0.4127
57,1.9,67.05,0.0,67.05,TRACKING,True,0.4061
58,1.9333,68.705,0.0,68.705,TRACKING,True,0.6896
59,1.9667,62.858,0.0,62.858,TRACKING,True,0.3941
60,2.0,51.834,0.0,51.834,TRACKING,True,0.4211
61,2.0333,37.333,0.0,37.333,TRACKING,True,0.7445
62,2.0667,22.057,0.0,22.057,TRACKING,True,0.3886
63,2.1,8.853,0.0,8.853,TRACKING,True,0.4127
64,2.1333,-1.369,0.0,1.369,TRACKING,True,0.3908
65,2.1667,-7.657,0.0,7.657,TRACKING,True,0.4072
66,2.2,-9.902,0.0,9.902,TRACKING,True,0.4115
67,2.2333,-9.196,0.0,9.196,TRACKING,True,0.4012
68,2.2667,-6.631,0.0,6.631,TRACKING,True,0.3938
69,2.3,-2.42,0.0,2.42,TRACKING,True,0.4774
70,2.3333,1.82,0.0,1.82,TRACKING,True,0.5008
71,2.3667,5.494,0.0,5.494,TRACKING,True,0.4738
72,2.4,8.46,0.0,8.46,TRACKING,True,0.4624
73,2.4333,10.323,0.0,10.323,TRACKING,True,0.4613
74,2.4667,11.088,0.0,11.088,TRACKING,True,0.4335
75,2.5,11.052,0.0,11.052,TRACKING,True,0.4682
76,2.5333,10.432,0.0,10.432,TRACKING,True,0.4847
77,2.5667,9.387,0.0,9.387,TRACKING,True,0.4746
78,2.6,8.325,0.0,8.325,TRACKING,True,0.5045
79,2.6333,7.253,0.0,7.253,TRACKING,True,0.4641
80,2.6667,6.173,0.0,6.173,TRACKING,True,0.4531
81,2.7,5.674,0.0,5.674,TRACKING,True,0.4552
82,2.7333,5.306,0.0,5.306,TRACKING,True,0.4895
83,2.7667,5.327,0.0,5.327,TRACKING,True,0.5042
84,2.8,5.632,0.0,5.632,TRACKING,True,0.4688
85,2.8333,5.851,0.0,5.851,TRACKING,True,0.3988
86,2.8667,6.007,0.0,6.007,TRACKING,True,0.4433
87,2.9,6.41,0.0,6.41,TRACKING,True,0.4597
88,2.9333,6.7,0.0,6.7,TRACKING,True,0.504
89,2.9667,6.908,0.0,6.908,TRACKING,True,0.4534
90,3.0,7.056,0.0,7.056,TRACKING,True,0.4686
91,3.0333,7.16,0.0,7.16,TRACKING,True,0.4571
92,3.0667,6.94,0.0,6.94,TRACKING,True,0.4708
93,3.1,7.068,0.0,7.068,TRACKING,True,0.4645
94,3.1333,6.866,0.0,6.866,TRACKING,True,0.4856
95,3.1667,6.715,0.0,6.715,TRACKING,True,0.4395
96,3.2,6.602,0.0,6.602,TRACKING,True,0.4664
97,3.2333,6.516,0.0,6.516,TRACKING,True,0.4774
98,3.2667,6.452,0.0,6.452,TRACKING,True,0.4982
99,3.3,6.402,0.0,6.402,TRACKING,True,0.496
100,3.3333,6.363,0.0,6.363,TRACKING,True,0.4833
101,3.3667,6.332,0.0,6.332,TRACKING,True,0.4551
102,3.4,6.601,0.0,6.601,TRACKING,True,0.4599
103,3.4333,6.794,0.0,6.794,TRACKING,True,0.4559
104,3.4667,6.639,0.0,6.639,TRACKING,True,0.4685
105,3.5,6.817,0.0,6.817,TRACKING,True,0.4862
106,3.5333,6.945,0.0,6.945,TRACKING,True,0.5046
107,3.5667,6.743,0.0,6.743,TRACKING,True,0.4893
108,3.6,6.886,0.0,6.886,TRACKING,True,0.4594
109,3.6333,6.695,0.0,6.695,TRACKING,True,0.4688
110,3.6667,6.554,0.0,6.554,TRACKING,True,0.4658
111,3.7,6.743,0.0,6.743,TRACKING,True,0.4772
112,3.7333,6.585,0.0,6.585,TRACKING,True,0.488
113,3.7667,6.469,0.0,6.469,TRACKING,True,0.4628
114,3.8,6.675,0.0,6.675,TRACKING,True,0.4598
115,3.8333,6.531,0.0,6.531,TRACKING,True,0.4355
116,3.8667,6.425,0.0,6.425,TRACKING,True,0.4563
117,3.9,6.638,0.0,6.638,TRACKING,True,0.4459
118,3.9333,6.793,0.0,6.793,TRACKING,True,0.4253
119,3.9667,6.611,0.0,6.611,TRACKING,True,0.4497
120,4.0,6.77,0.0,6.77,TRACKING,True,0.4704
121,4.0333,6.591,0.0,6.591,TRACKING,True,0.4611
122,4.0667,6.46,0.0,6.46,TRACKING,True,0.4622
123,4.1,6.656,0.0,6.656,TRACKING,True,0.4475
124,4.1333,6.797,0.0,6.797,TRACKING,True,0.4475
125,4.1667,6.606,0.0,6.606,TRACKING,True,0.4355
126,4.2,6.759,0.0,6.759,TRACKING,True,0.4826
127,4.2333,6.868,0.0,6.868,TRACKING,True,0.4831
128,4.2667,6.654,0.0,6.654,TRACKING,True,0.4443
129,4.3,6.79,0.0,6.79,TRACKING,True,0.4277
130,4.3333,6.595,0.0,6.595,TRACKING,True,0.464
131,4.3667,6.452,0.0,6.452,TRACKING,True,0.452
132,4.4,6.64,0.0,6.64,TRACKING,True,0.4419
133,4.4333,6.776,0.0,6.776,TRACKING,True,0.4113
134,4.4667,6.581,0.0,6.581,TRACKING,True,0.4634
135,4.5,6.731,0.0,6.731,TRACKING,True,0.4554
136,4.5333,6.546,0.0,6.546,TRACKING,True,0.4465
137,4.5667,6.411,0.0,6.411,TRACKING,True,0.4789
138,4.6,6.605,0.0,6.605,TRACKING,True,0.4657
139,4.6333,6.745,0.0,6.745,TRACKING,True,0.4531
140,4.6667,6.554,0.0,6.554,TRACKING,True,0.4917
141,4.7,6.706,0.0,6.706,TRACKING,True,0.4553
142,4.7333,6.817,0.0,6.817,TRACKING,True,0.4547
143,4.7667,6.604,0.0,6.604,TRACKING,True,0.464
144,4.8,6.741,0.0,6.741,TRACKING,True,0.4651
145,4.8333,6.84,0.0,6.84,TRACKING,True,0.4784
146,4.8667,6.618,0.0,6.618,TRACKING,True,0.4636
147,4.9,6.749,0.0,6.749,TRACKING,True,0.4518
148,4.9333,6.844,0.0,6.844,TRACKING,True,0.482
149,4.9667,6.619,0.0,6.619,TRACKING,True,0.4679
150,5.0,6.748,0.0,6.748,TRACKING,True,0.4638
151,5.0333,6.548,0.0,6.548,TRACKING,True,0.5462
152,5.0667,6.402,0.0,6.402,TRACKING,True,0.4578
153,5.1,6.588,0.0,6.588,TRACKING,True,0.4438
154,5.1333,6.724,0.0,6.724,TRACKING,True,0.4565
155,5.1667,6.529,0.0,6.529,TRACKING,True,0.433
156,5.2,6.679,0.0,6.679,TRACKING,True,0.4789
157,5.2333,6.788,0.0,6.788,TRACKING,True,0.4705
158,5.2667,6.575,0.0,6.575,TRACKING,True,0.4555
159,5.3,6.711,0.0,6.711,TRACKING,True,0.4308
160,5.3333,6.81,0.0,6.81,TRACKING,True,0.4502
161,5.3667,6.589,0.0,6.589,TRACKING,True,0.455
162,5.4,6.721,0.0,6.721,TRACKING,True,0.4506
163,5.4333,6.816,0.0,6.816,TRACKING,True,0.4472
164,5.4667,6.592,0.0,6.592,TRACKING,True,0.4515
165,5.5,6.722,0.0,6.722,TRACKING,True,0.473
166,5.5333,6.815,0.0,6.815,TRACKING,True,0.4519
167,5.5667,6.591,0.0,6.591,TRACKING,True,0.4602
168,5.6,6.719,0.0,6.719,TRACKING,True,0.4354
169,5.6333,6.52,0.0,6.52,TRACKING,True,0.4698
170,5.6667,6.374,0.0,6.374,TRACKING,True,0.4571
171,5.7,6.561,0.0,6.561,TRACKING,True,0.423
172,5.7333,6.697,0.0,6.697,TRACKING,True,0.4348
173,5.7667,6.503,0.0,6.503,TRACKING,True,0.4867
174,5.8,6.654,0.0,6.654,TRACKING,True,0.4445
175,5.8333,6.764,0.0,6.764,TRACKING,True,0.4355
176,5.8667,6.551,0.0,6.551,TRACKING,True,0.4438
177,5.9,6.688,0.0,6.688,TRACKING,True,0.4635
178,5.9333,6.788,0.0,6.788,TRACKING,True,0.4789
179,5.9667,6.568,0.0,6.568,TRACKING,True,0.4789
180,6.0,6.7,0.0,6.7,TRACKING,True,0.4553
181,6.0333,6.796,0.0,6.796,TRACKING,True,0.4881
182,6.0667,6.572,0.0,6.572,TRACKING,True,0.4417
183,6.1,6.409,0.0,6.409,TRACKING,True,0.509
184,6.1333,6.584,0.0,6.584,TRACKING,True,0.5247
185,6.1667,6.71,0.0,6.71,TRACKING,True,0.4542
186,6.2,6.803,0.0,6.803,TRACKING,True,0.5239
187,6.2333,6.87,0.0,6.87,TRACKING,True,0.4524
188,6.2667,6.625,0.0,6.625,TRACKING,True,0.4541
189,6.3,6.74,0.0,6.74,TRACKING,True,0.4913
190,6.3333,6.823,0.0,6.823,TRACKING,True,0.4409
191,6.3667,6.591,0.0,6.591,TRACKING,True,0.4761
192,6.4,6.714,0.0,6.714,TRACKING,True,0.6193
193,6.4333,6.804,0.0,6.804,TRACKING,True,0.4521
194,6.4667,6.576,0.0,6.576,TRACKING,True,0.4645
195,6.5,6.703,0.0,6.703,TRACKING,True,0.4795
196,6.5333,6.795,0.0,6.795,TRACKING,True,0.4556
197,6.5667,6.569,0.0,6.569,TRACKING,True,0.4542
198,6.6,6.697,0.0,6.697,TRACKING,True,0.4214
199,6.6333,6.791,0.0,6.791,TRACKING,True,0.4609
200,6.6667,6.566,0.0,6.566,TRACKING,True,0.4771
201,6.7,6.694,0.0,6.694,TRACKING,True,0.4582
202,6.7333,6.788,0.0,6.788,TRACKING,True,0.4841
203,6.7667,6.563,0.0,6.563,TRACKING,True,0.712
204,6.8,6.692,0.0,6.692,TRACKING,True,0.4468
205,6.8333,6.786,0.0,6.786,TRACKING,True,0.4538
206,6.8667,6.562,0.0,6.562,TRACKING,True,0.4642
207,6.9,6.691,0.0,6.691,TRACKING,True,0.4522
208,6.9333,6.785,0.0,6.785,TRACKING,True,0.4428
209,6.9667,6.56,0.0,6.56,TRACKING,True,0.4843
210,7.0,6.69,0.0,6.69,TRACKING,True,0.4396
211,7.0333,6.784,0.0,6.784,TRACKING,True,0.4484
212,7.0667,6.559,0.0,6.559,TRACKING,True,0.4462
213,7.1,6.688,0.0,6.688,TRACKING,True,0.4712
214,7.1333,6.49,0.0,6.49,TRACKING,True,0.4689
215,7.1667,6.345,0.0,6.345,TRACKING,True,0.4634
216,7.2,6.532,0.0,6.532,TRACKING,True,0.4787
217,7.2333,6.669,0.0,6.669,TRACKING,True,0.4467
218,7.2667,6.476,0.0,6.476,TRACKING,True,0.538
219,7.3,6.628,0.0,6.628,TRACKING,True,0.5169
220,7.3333,6.738,0.0,6.738,TRACKING,True,0.4787
221,7.3667,6.819,0.0,6.819,TRACKING,True,0.4288
222,7.4,6.878,0.0,6.878,TRACKING,True,0.5169
223,7.4333,6.92,0.0,6.92,TRACKING,True,0.469
224,7.4667,6.658,0.0,6.658,TRACKING,True,0.4067
225,7.5,6.76,0.0,6.76,TRACKING,True,0.446
226,7.5333,6.834,0.0,6.834,TRACKING,True,0.4335
227,7.5667,6.595,0.0,6.595,TRACKING,True,0.4499
228,7.6,6.42,0.0,6.42,TRACKING,True,0.4313
229,7.6333,6.586,0.0,6.586,TRACKING,True,0.5278
230,7.6667,6.414,0.0,6.414,TRACKING,True,0.4597
231,7.7,6.582,0.0,6.582,TRACKING,True,0.4705
232,7.7333,6.704,0.0,6.704,TRACKING,True,0.4908
233,7.7667,6.5,0.0,6.5,TRACKING,True,0.4613
234,7.8,6.645,0.0,6.645,TRACKING,True,0.437
235,7.8333,6.75,0.0,6.75,TRACKING,True,0.429
236,7.8667,6.827,0.0,6.827,TRACKING,True,0.4359
237,7.9,6.882,0.0,6.882,TRACKING,True,0.4384
238,7.9333,6.923,0.0,6.923,TRACKING,True,0.4623
239,7.9667,6.659,0.0,6.659,TRACKING,True,0.4906
240,8.0,6.76,0.0,6.76,TRACKING,True,0.448
241,8.0333,6.54,0.0,6.54,TRACKING,True,0.4483
242,8.0667,6.38,0.0,6.38,TRACKING,True,0.4694
243,8.1,6.264,0.0,6.264,TRACKING,True,0.4375
244,8.1333,6.472,0.0,6.472,TRACKING,True,0.5005
245,8.1667,6.624,0.0,6.624,TRACKING,True,0.4657
246,8.2,6.441,0.0,6.441,TRACKING,True,0.452
247,8.2333,6.602,0.0,6.602,TRACKING,True,0.4714
248,8.2667,6.718,0.0,6.718,TRACKING,True,0.4456
249,8.3,6.804,0.0,6.804,TRACKING,True,0.4455
250,8.3333,6.865,0.0,6.865,TRACKING,True,0.4454
251,8.3667,6.91,0.0,6.91,TRACKING,True,0.4074
252,8.4,6.943,0.0,6.943,TRACKING,True,0.4569
253,8.4333,6.966,0.0,6.966,TRACKING,True,0.4313
254,8.4667,6.69,0.0,6.69,TRACKING,True,0.4971
255,8.5,6.782,0.0,6.782,TRACKING,True,0.4697
256,8.5333,6.556,0.0,6.556,TRACKING,True,0.4565
257,8.5667,6.391,0.0,6.391,TRACKING,True,0.4905
258,8.6,6.564,0.0,6.564,TRACKING,True,0.4942
259,8.6333,6.69,0.0,6.69,TRACKING,True,0.4336
260,8.6667,6.489,0.0,6.489,TRACKING,True,0.444
261,8.7,6.636,0.0,6.636,TRACKING,True,0.515
262,8.7333,6.742,0.0,6.742,TRACKING,True,0.5222
263,8.7667,6.527,0.0,6.527,TRACKING,True,0.5819
264,8.8,6.663,0.0,6.663,TRACKING,True,0.5521
265,8.8333,6.763,0.0,6.763,TRACKING,True,0.4932
266,8.8667,6.542,0.0,6.542,TRACKING,True,0.5218
267,8.9,6.674,0.0,6.674,TRACKING,True,0.5035
268,8.9333,6.77,0.0,6.77,TRACKING,True,0.6017
269,8.9667,6.548,0.0,6.548,TRACKING,True,0.661
270,9.0,6.678,0.0,6.678,TRACKING,True,0.5438
271,9.0333,6.773,0.0,6.773,TRACKING,True,0.4928
272,9.0667,6.55,0.0,6.55,TRACKING,True,0.5492
273,9.1,6.68,0.0,6.68,TRACKING,True,0.4955
274,9.1333,6.774,0.0,6.774,TRACKING,True,0.4899
275,9.1667,6.55,0.0,6.55,TRACKING,True,0.4507
276,9.2,6.68,0.0,6.68,TRACKING,True,0.5117
277,9.2333,6.775,0.0,6.775,TRACKING,True,0.4521
278,9.2667,6.55,0.0,6.55,TRACKING,True,0.4692
279,9.3,6.68,0.0,6.68,TRACKING,True,0.4459
280,9.3333,6.775,0.0,6.775,TRACKING,True,0.4595
281,9.3667,6.55,0.0,6.55,TRACKING,True,0.4471
282,9.4,6.68,0.0,6.68,TRACKING,True,0.4796
283,9.4333,6.774,0.0,6.774,TRACKING,True,0.4697
284,9.4667,6.55,0.0,6.55,TRACKING,True,0.4487
285,9.5,6.68,0.0,6.68,TRACKING,True,0.4749
286,9.5333,6.774,0.0,6.774,TRACKING,True,0.4255
287,9.5667,6.55,0.0,6.55,TRACKING,True,0.4373
288,9.6,6.68,0.0,6.68,TRACKING,True,0.4283
289,9.6333,6.774,0.0,6.774,TRACKING,True,0.4528
290,9.6667,6.55,0.0,6.55,TRACKING,True,0.5046
291,9.7,6.68,0.0,6.68,TRACKING,True,0.5155
292,9.7333,6.774,0.0,6.774,TRACKING,True,0.4972
293,9.7667,6.55,0.0,6.55,TRACKING,True,0.5303
294,9.8,6.68,0.0,6.68,TRACKING,True,0.4932
295,9.8333,6.774,0.0,6.774,TRACKING,True,0.5495
296,9.8667,6.55,0.0,6.55,TRACKING,True,0.5369
297,9.9,6.679,0.0,6.679,TRACKING,True,0.596
298,9.9333,6.774,0.0,6.774,TRACKING,True,0.8298
299,9.9667,6.55,0.0,6.55,TRACKING,True,0.5833
300,10.0,6.679,0.0,6.679,TRACKING,True,0.5025
301,10.0333,6.774,0.0,6.774,TRACKING,True,0.4735
302,10.0667,6.55,0.0,6.55,TRACKING,True,0.4832
303,10.1,6.679,0.0,6.679,TRACKING,True,0.4482
304,10.1333,6.774,0.0,6.774,TRACKING,True,0.4636
305,10.1667,6.55,0.0,6.55,TRACKING,True,0.4672
306,10.2,6.679,0.0,6.679,TRACKING,True,0.4546
307,10.2333,6.774,0.0,6.774,TRACKING,True,0.4452
308,10.2667,6.549,0.0,6.549,TRACKING,True,0.4953
309,10.3,6.679,0.0,6.679,TRACKING,True,0.4708
310,10.3333,6.774,0.0,6.774,TRACKING,True,0.5002
311,10.3667,6.549,0.0,6.549,TRACKING,True,0.4744
312,10.4,6.679,0.0,6.679,TRACKING,True,0.4782
313,10.4333,6.773,0.0,6.773,TRACKING,True,0.4092
314,10.4667,6.549,0.0,6.549,TRACKING,True,0.4562
315,10.5,6.679,0.0,6.679,TRACKING,True,0.4662
316,10.5333,6.773,0.0,6.773,TRACKING,True,0.4608
317,10.5667,6.549,0.0,6.549,TRACKING,True,0.4635
318,10.6,6.679,0.0,6.679,TRACKING,True,0.4538
319,10.6333,6.773,0.0,6.773,TRACKING,True,0.4398
320,10.6667,6.549,0.0,6.549,TRACKING,True,0.4529
321,10.7,6.679,0.0,6.679,TRACKING,True,0.4619
322,10.7333,6.773,0.0,6.773,TRACKING,True,0.4325
323,10.7667,6.549,0.0,6.549,TRACKING,True,0.4691
324,10.8,6.679,0.0,6.679,TRACKING,True,0.4496
325,10.8333,6.773,0.0,6.773,TRACKING,True,0.4249
326,10.8667,6.549,0.0,6.549,TRACKING,True,0.4244
327,10.9,6.679,0.0,6.679,TRACKING,True,0.4558
328,10.9333,6.773,0.0,6.773,TRACKING,True,0.4579
329,10.9667,6.549,0.0,6.549,TRACKING,True,0.4576
330,11.0,6.679,0.0,6.679,TRACKING,True,0.4518
331,11.0333,6.773,0.0,6.773,TRACKING,True,0.4541
332,11.0667,6.549,0.0,6.549,TRACKING,True,0.473
333,11.1,6.679,0.0,6.679,TRACKING,True,0.4189
334,11.1333,6.773,0.0,6.773,TRACKING,True,0.4434
335,11.1667,6.549,0.0,6.549,TRACKING,True,0.4452
336,11.2,6.679,0.0,6.679,TRACKING,True,0.4338
337,11.2333,6.773,0.0,6.773,TRACKING,True,0.4486
338,11.2667,6.549,0.0,6.549,TRACKING,True,0.4577
339,11.3,6.679,0.0,6.679,TRACKING,True,0.4319
340,11.3333,6.773,0.0,6.773,TRACKING,True,0.4811
341,11.3667,6.549,0.0,6.549,TRACKING,True,0.4448
342,11.4,6.679,0.0,6.679,TRACKING,True,0.4684
343,11.4333,6.773,0.0,6.773,TRACKING,True,0.4467
344,11.4667,6.549,0.0,6.549,TRACKING,True,0.4574
345,11.5,6.679,0.0,6.679,TRACKING,True,0.468
346,11.5333,6.773,0.0,6.773,TRACKING,True,0.4691
347,11.5667,6.549,0.0,6.549,TRACKING,True,0.442
348,11.6,6.679,0.0,6.679,TRACKING,True,0.4583
349,11.6333,6.773,0.0,6.773,TRACKING,True,0.4467
350,11.6667,6.549,0.0,6.549,TRACKING,True,0.4809
351,11.7,6.386,0.0,6.386,TRACKING,True,0.4488
352,11.7333,6.56,0.0,6.56,TRACKING,True,0.4401
353,11.7667,6.687,0.0,6.687,TRACKING,True,0.4534
354,11.8,6.779,0.0,6.779,TRACKING,True,0.449
355,11.8333,6.847,0.0,6.847,TRACKING,True,0.4438
356,11.8667,6.896,0.0,6.896,TRACKING,True,0.4538
357,11.9,6.931,0.0,6.931,TRACKING,True,0.4557
358,11.9333,6.957,0.0,6.957,TRACKING,True,0.4776
359,11.9667,6.683,0.0,6.683,TRACKING,True,0.4748
360,12.0,6.775,0.0,6.775,TRACKING,True,0.5069
361,12.0333,6.55,0.0,6.55,TRACKING,True,0.4509
362,12.0667,6.386,0.0,6.386,TRACKING,True,0.4505
363,12.1,6.56,0.0,6.56,TRACKING,True,0.4494
364,12.1333,6.686,0.0,6.686,TRACKING,True,0.4584
365,12.1667,6.485,0.0,6.485,TRACKING,True,0.4275
366,12.2,6.339,0.0,6.339,TRACKING,True,0.4408
367,12.2333,6.526,0.0,6.526,TRACKING,True,0.446
368,12.2667,6.662,0.0,6.662,TRACKING,True,0.4337
369,12.3,6.761,0.0,6.761,TRACKING,True,0.5452
370,12.3333,6.833,0.0,6.833,TRACKING,True,0.4982
371,12.3667,6.886,0.0,6.886,TRACKING,True,0.4443
372,12.4,6.924,0.0,6.924,TRACKING,True,0.4569
373,12.4333,6.952,0.0,6.952,TRACKING,True,0.4686
374,12.4667,6.679,0.0,6.679,TRACKING,True,0.4473
375,12.5,6.773,0.0,6.773,TRACKING,True,0.4626
376,12.5333,6.548,0.0,6.548,TRACKING,True,0.5047
377,12.5667,6.385,0.0,6.385,TRACKING,True,0.458
378,12.6,6.559,0.0,6.559,TRACKING,True,0.4277
379,12.6333,6.685,0.0,6.685,TRACKING,True,0.4406
380,12.6667,6.485,0.0,6.485,TRACKING,True,0.4828
381,12.7,6.632,0.0,6.632,TRACKING,True,0.4541
382,12.7333,6.739,0.0,6.739,TRACKING,True,0.4535
383,12.7667,6.524,0.0,6.524,TRACKING,True,0.4746
384,12.8,6.66,0.0,6.66,TRACKING,True,0.4677
385,12.8333,6.76,0.0,6.76,TRACKING,True,0.4265
386,12.8667,6.539,0.0,6.539,TRACKING,True,0.4347
387,12.9,6.672,0.0,6.672,TRACKING,True,0.4465
388,12.9333,6.768,0.0,6.768,TRACKING,True,0.4588
389,12.9667,6.545,0.0,6.545,TRACKING,True,0.4591
390,13.0,6.676,0.0,6.676,TRACKING,True,0.48
391,13.0333,6.771,0.0,6.771,TRACKING,True,0.4525
392,13.0667,6.548,0.0,6.548,TRACKING,True,0.4591
393,13.1,6.678,0.0,6.678,TRACKING,True,0.456
394,13.1333,6.772,0.0,6.772,TRACKING,True,0.4298
395,13.1667,6.549,0.0,6.549,TRACKING,True,0.4283
396,13.2,6.678,0.0,6.678,TRACKING,True,0.4691
397,13.2333,6.773,0.0,6.773,TRACKING,True,0.4521
398,13.2667,6.549,0.0,6.549,TRACKING,True,0.448
399,13.3,6.678,0.0,6.678,TRACKING,True,0.483
400,13.3333,6.773,0.0,6.773,TRACKING,True,0.4482
401,13.3667,6.549,0.0,6.549,TRACKING,True,0.4439
402,13.4,6.679,0.0,6.679,TRACKING,True,0.4823
403,13.4333,6.773,0.0,6.773,TRACKING,True,0.4546
404,13.4667,6.549,0.0,6.549,TRACKING,True,0.4433
405,13.5,6.679,0.0,6.679,TRACKING,True,0.4565
406,13.5333,6.773,0.0,6.773,TRACKING,True,0.4118
407,13.5667,6.549,0.0,6.549,TRACKING,True,0.4429
408,13.6,6.679,0.0,6.679,TRACKING,True,0.4459
409,13.6333,6.773,0.0,6.773,TRACKING,True,0.4497
410,13.6667,6.549,0.0,6.549,TRACKING,True,0.4957
411,13.7,6.679,0.0,6.679,TRACKING,True,0.4333
412,13.7333,6.773,0.0,6.773,TRACKING,True,0.6177
413,13.7667,6.549,0.0,6.549,TRACKING,True,0.4427
414,13.8,6.679,0.0,6.679,TRACKING,True,0.4519
415,13.8333,6.773,0.0,6.773,TRACKING,True,0.4367
416,13.8667,6.549,0.0,6.549,TRACKING,True,0.4685
417,13.9,6.679,0.0,6.679,TRACKING,True,0.435
418,13.9333,6.773,0.0,6.773,TRACKING,True,0.4595
419,13.9667,6.549,0.0,6.549,TRACKING,True,0.4655
420,14.0,6.679,0.0,6.679,TRACKING,True,0.4517
421,14.0333,5.894,0.0,5.894,TRACKING,True,0.4347
422,14.0667,4.444,0.0,4.444,TRACKING,True,0.433
423,14.1,2.802,0.0,2.802,TRACKING,True,0.4507
424,14.1333,1.021,0.0,1.021,TRACKING,True,0.4557
425,14.1667,-0.273,0.0,0.273,TRACKING,True,0.4251
426,14.2,-1.212,0.0,1.212,TRACKING,True,0.4546
427,14.2333,-1.6,0.0,1.6,TRACKING,True,0.4487
428,14.2667,-1.877,0.0,1.877,TRACKING,True,0.4473
429,14.3,-1.781,0.0,1.781,TRACKING,True,0.4379
430,14.3333,-1.413,0.0,1.413,TRACKING,True,0.4643
431,14.3667,-0.848,0.0,0.848,TRACKING,True,0.4637
432,14.4,-0.432,0.0,0.432,TRACKING,True,0.4715
433,14.4333,-0.125,0.0,0.125,TRACKING,True,0.4379
434,14.4667,0.395,0.0,0.395,TRACKING,True,0.499
435,14.5,0.484,0.0,0.484,TRACKING,True,0.5013
436,14.5333,0.552,0.0,0.552,TRACKING,True,0.4524
437,14.5667,0.603,0.0,0.603,TRACKING,True,0.4471
438,14.6,0.643,0.0,0.643,TRACKING,True,0.4415
439,14.6333,0.382,0.0,0.382,TRACKING,True,0.423
440,14.6667,0.193,0.0,0.193,TRACKING,True,0.4251
441,14.7,0.059,0.0,0.059,TRACKING,True,0.4438
442,14.7333,-0.037,0.0,0.037,TRACKING,True,0.453
443,14.7667,-0.105,0.0,0.105,TRACKING,True,0.42
444,14.8,-0.151,0.0,0.151,TRACKING,True,0.4324
445,14.8333,-0.183,0.0,0.183,TRACKING,True,0.4583
446,14.8667,-0.204,0.0,0.204,TRACKING,True,0.441
447,14.9,-0.217,0.0,0.217,TRACKING,True,0.4128
448,14.9333,-0.224,0.0,0.224,TRACKING,True,0.4638
449,14.9667,-0.227,0.0,0.227,TRACKING,True,0.454
450,15.0,0.066,0.0,0.066,TRACKING,True,0.4133
451,15.0333,0.281,0.0,0.281,TRACKING,True,0.4913
452,15.0667,0.147,0.0,0.147,TRACKING,True,0.4632
453,15.1,0.05,0.0,0.05,TRACKING,True,0.4681
454,15.1333,-0.018,0.0,0.018,TRACKING,True,0.4717
455,15.1667,-0.067,0.0,0.067,TRACKING,True,0.4322
456,15.2,-0.1,0.0,0.1,TRACKING,True,0.451
457,15.2333,-0.123,0.0,0.123,TRACKING,True,0.4488
458,15.2667,-0.138,0.0,0.138,TRACKING,True,0.5155
459,15.3,0.146,0.0,0.146,TRACKING,True,0.4543
460,15.3333,0.061,0.0,0.061,TRACKING,True,0.4267
461,15.3667,0.0,0.0,0.0,TRACKING,True,0.4534
462,15.4,-0.043,0.0,0.043,TRACKING,True,0.4599
463,15.4333,-0.073,0.0,0.073,TRACKING,True,0.4419
464,15.4667,-0.093,0.0,0.093,TRACKING,True,0.4624
465,15.5,0.186,0.0,0.186,TRACKING,True,0.7727
466,15.5333,0.098,0.0,0.098,TRACKING,True,0.4508
467,15.5667,0.035,0.0,0.035,TRACKING,True,0.4791
468,15.6,-0.011,0.0,0.011,TRACKING,True,0.4514
469,15.6333,-0.042,0.0,0.042,TRACKING,True,0.4332
470,15.6667,-0.064,0.0,0.064,TRACKING,True,0.4922
471,15.7,-0.079,0.0,0.079,TRACKING,True,0.457
472,15.7333,-0.089,0.0,0.089,TRACKING,True,0.4874
473,15.7667,-0.096,0.0,0.096,TRACKING,True,0.4762
474,15.8,0.194,0.0,0.194,TRACKING,True,0.456
475,15.8333,0.113,0.0,0.113,TRACKING,True,0.4046
476,15.8667,0.054,0.0,0.054,TRACKING,True,0.4427
477,15.9,0.012,0.0,0.012,TRACKING,True,0.4402
478,15.9333,-0.017,0.0,0.017,TRACKING,True,0.4466
479,15.9667,-0.038,0.0,0.038,TRACKING,True,0.4958
480,16.0,-0.052,0.0,0.052,TRACKING,True,0.4415
481,16.0333,-0.062,0.0,0.062,TRACKING,True,0.4803
482,16.0667,-0.068,0.0,0.068,TRACKING,True,0.4504
483,16.1,-0.072,0.0,0.072,TRACKING,True,0.4507
484,16.1333,0.219,0.0,0.219,TRACKING,True,0.4188
485,16.1667,0.138,0.0,0.138,TRACKING,True,0.4348
486,16.2,0.08,0.0,0.08,TRACKING,True,0.4675
487,16.2333,0.038,0.0,0.038,TRACKING,True,0.46
488,16.2667,0.009,0.0,0.009,TRACKING,True,0.4349
489,16.3,-0.013,0.0,0.013,TRACKING,True,0.4397
490,16.3333,-0.027,0.0,0.027,TRACKING,True,0.4397
491,16.3667,-0.038,0.0,0.038,TRACKING,True,0.4729
492,16.4,-0.045,0.0,0.045,TRACKING,True,0.461
493,16.4333,-0.049,0.0,0.049,TRACKING,True,0.4896
494,16.4667,-0.052,0.0,0.052,TRACKING,True,0.4218
495,16.5,-0.053,0.0,0.053,TRACKING,True,0.4773
496,16.5333,-0.054,0.0,0.054,TRACKING,True,0.4538
497,16.5667,-0.054,0.0,0.054,TRACKING,True,0.4423
498,16.6,-0.053,0.0,0.053,TRACKING,True,0.4463
499,16.6333,-0.053,0.0,0.053,TRACKING,True,0.4774
500,16.6667,0.241,0.0,0.241,TRACKING,True,0.4324
501,16.7,0.163,0.0,0.163,TRACKING,True,0.4494
502,16.7333,0.106,0.0,0.106,TRACKING,True,0.453
503,16.7667,0.065,0.0,0.065,TRACKING,True,0.4595
504,16.8,0.036,0.0,0.036,TRACKING,True,0.4349
505,16.8333,0.014,0.0,0.014,TRACKING,True,0.4335
506,16.8667,-0.001,0.0,0.001,TRACKING,True,0.434
507,16.9,-0.012,0.0,0.012,TRACKING,True,0.431
508,16.9333,-0.019,0.0,0.019,TRACKING,True,0.4504
509,16.9667,-0.024,0.0,0.024,TRACKING,True,0.421
510,17.0,-0.028,0.0,0.028,TRACKING,True,0.4436
511,17.0333,-0.03,0.0,0.03,TRACKING,True,0.4284
512,17.0667,-0.031,0.0,0.031,TRACKING,True,0.4481
513,17.1,-0.032,0.0,0.032,TRACKING,True,0.42
514,17.1333,-0.032,0.0,0.032,TRACKING,True,0.4483
515,17.1667,-0.032,0.0,0.032,TRACKING,True,0.4474
516,17.2,-0.031,0.0,0.031,TRACKING,True,0.452
517,17.2333,-0.031,0.0,0.031,TRACKING,True,0.4637
518,17.2667,-0.03,0.0,0.03,TRACKING,True,0.4431
519,17.3,-0.029,0.0,0.029,TRACKING,True,0.4472
520,17.3333,-0.029,0.0,0.029,TRACKING,True,0.4389
521,17.3667,-0.028,0.0,0.028,TRACKING,True,0.4521
522,17.4,-0.027,0.0,0.027,TRACKING,True,0.4366
523,17.4333,-0.026,0.0,0.026,TRACKING,True,0.4227
524,17.4667,-0.025,0.0,0.025,TRACKING,True,0.4048
525,17.5,-0.025,0.0,0.025,TRACKING,True,0.4459
526,17.5333,-0.024,0.0,0.024,TRACKING,True,0.5025
527,17.5667,-0.023,0.0,0.023,TRACKING,True,0.4515
528,17.6,-0.022,0.0,0.022,TRACKING,True,0.4555
529,17.6333,-0.021,0.0,0.021,TRACKING,True,0.4516
530,17.6667,0.272,0.0,0.272,TRACKING,True,0.4326
531,17.7,0.193,0.0,0.193,TRACKING,True,0.6986
532,17.7333,0.136,0.0,0.136,TRACKING,True,0.4292
533,17.7667,0.094,0.0,0.094,TRACKING,True,0.4394
534,17.8,0.064,0.0,0.064,TRACKING,True,0.4752
535,17.8333,0.041,0.0,0.041,TRACKING,True,0.4604
536,17.8667,0.025,0.0,0.025,TRACKING,True,0.4427
537,17.9,0.014,0.0,0.014,TRACKING,True,0.5964
538,17.9333,0.006,0.0,0.006,TRACKING,True,0.4175
539,17.9667,-0.0,0.0,0.0,TRACKING,True,0.4798
540,18.0,-0.004,0.0,0.004,TRACKING,True,0.4443
541,18.0333,-0.007,0.0,0.007,TRACKING,True,0.466
542,18.0667,-0.009,0.0,0.009,TRACKING,True,0.4386
543,18.1,-0.011,0.0,0.011,TRACKING,True,0.4468
544,18.1333,-0.011,0.0,0.011,TRACKING,True,0.4428
545,18.1667,-0.012,0.0,0.012,TRACKING,True,0.4589
546,18.2,-0.012,0.0,0.012,TRACKING,True,0.45
547,18.2333,-0.012,0.0,0.012,TRACKING,True,0.4536
548,18.2667,-0.012,0.0,0.012,TRACKING,True,0.4622
549,18.3,-0.012,0.0,0.012,TRACKING,True,0.4255
550,18.3333,-0.012,0.0,0.012,TRACKING,True,0.4476
551,18.3667,-0.012,0.0,0.012,TRACKING,True,0.438
552,18.4,-0.011,0.0,0.011,TRACKING,True,0.4489
553,18.4333,-0.011,0.0,0.011,TRACKING,True,0.445
554,18.4667,-0.011,0.0,0.011,TRACKING,True,0.4305
555,18.5,-0.01,0.0,0.01,TRACKING,True,0.4685
556,18.5333,-0.01,0.0,0.01,TRACKING,True,0.4475
557,18.5667,-0.01,0.0,0.01,TRACKING,True,0.4523
558,18.6,-0.009,0.0,0.009,TRACKING,True,0.442
559,18.6333,-0.009,0.0,0.009,TRACKING,True,0.4576
560,18.6667,-0.009,0.0,0.009,TRACKING,True,0.4511
561,18.7,-0.009,0.0,0.009,TRACKING,True,0.453
562,18.7333,-0.008,0.0,0.008,TRACKING,True,0.4467
563,18.7667,-0.008,0.0,0.008,TRACKING,True,0.5113
564,18.8,-0.008,0.0,0.008,TRACKING,True,0.4299
565,18.8333,-0.007,0.0,0.007,TRACKING,True,0.4542
566,18.8667,-0.007,0.0,0.007,TRACKING,True,0.4472
567,18.9,-0.007,0.0,0.007,TRACKING,True,0.4742
568,18.9333,-0.007,0.0,0.007,TRACKING,True,0.4554
569,18.9667,-0.007,0.0,0.007,TRACKING,True,0.5035
570,19.0,-0.006,0.0,0.006,TRACKING,True,0.4947
571,19.0333,-0.006,0.0,0.006,TRACKING,True,0.506
572,19.0667,-0.006,0.0,0.006,TRACKING,True,0.521
573,19.1,-0.006,0.0,0.006,TRACKING,True,0.4815
574,19.1333,-0.006,0.0,0.006,TRACKING,True,0.4446
575,19.1667,-0.005,0.0,0.005,TRACKING,True,0.4127
576,19.2,-0.005,0.0,0.005,TRACKING,True,0.4365
577,19.2333,-0.005,0.0,0.005,TRACKING,True,0.4768
578,19.2667,-0.005,0.0,0.005,TRACKING,True,0.4903
579,19.3,-0.005,0.0,0.005,TRACKING,True,0.4532
580,19.3333,-0.005,0.0,0.005,TRACKING,True,0.4543
581,19.3667,-0.004,0.0,0.004,TRACKING,True,0.4462
582,19.4,-0.004,0.0,0.004,TRACKING,True,0.4618
583,19.4333,-0.004,0.0,0.004,TRACKING,True,0.4225
584,19.4667,-0.004,0.0,0.004,TRACKING,True,0.4225
585,19.5,-0.004,0.0,0.004,TRACKING,True,0.4335
586,19.5333,-0.004,0.0,0.004,TRACKING,True,0.4951
587,19.5667,-0.004,0.0,0.004,TRACKING,True,0.4528
588,19.6,-0.003,0.0,0.003,TRACKING,True,0.4516
589,19.6333,-0.003,0.0,0.003,TRACKING,True,0.4484
590,19.6667,-0.003,0.0,0.003,TRACKING,True,0.4642
591,19.7,-0.003,0.0,0.003,TRACKING,True,0.4898
592,19.7333,-0.003,0.0,0.003,TRACKING,True,0.5729
593,19.7667,-0.003,0.0,0.003,TRACKING,True,0.5705
594,19.8,-0.003,0.0,0.003,TRACKING,True,0.4502
595,19.8333,-0.003,0.0,0.003,TRACKING,True,0.4996
596,19.8667,-0.003,0.0,0.003,TRACKING,True,0.4568
597,19.9,-0.003,0.0,0.003,TRACKING,True,0.4296
598,19.9333,-0.002,0.0,0.002,TRACKING,True,0.4422
599,19.9667,-0.002,0.0,0.002,TRACKING,True,0.4444
600,20.0,-0.002,0.0,0.002,TRACKING,True,0.4884
601,20.0333,-0.002,0.0,0.002,TRACKING,True,0.4522
602,20.0667,-0.002,0.0,0.002,TRACKING,True,0.4618
603,20.1,-0.002,0.0,0.002,TRACKING,True,0.4425
604,20.1333,-0.002,0.0,0.002,TRACKING,True,0.4614
605,20.1667,-0.002,0.0,0.002,TRACKING,True,0.4916
606,20.2,-0.002,0.0,0.002,TRACKING,True,0.436
607,20.2333,-0.002,0.0,0.002,TRACKING,True,0.4556
608,20.2667,-0.002,0.0,0.002,TRACKING,True,0.461
609,20.3,-0.002,0.0,0.002,TRACKING,True,0.4644
610,20.3333,-0.002,0.0,0.002,TRACKING,True,0.4284
611,20.3667,-0.002,0.0,0.002,TRACKING,True,0.4422
612,20.4,-0.002,0.0,0.002,TRACKING,True,0.4632
613,20.4333,-0.001,0.0,0.001,TRACKING,True,0.4468
614,20.4667,-0.001,0.0,0.001,TRACKING,True,0.4605
615,20.5,-0.001,0.0,0.001,TRACKING,True,0.4723
616,20.5333,-0.001,0.0,0.001,TRACKING,True,0.4763
617,20.5667,-0.001,0.0,0.001,TRACKING,True,0.4312
618,20.6,-0.001,0.0,0.001,TRACKING,True,0.4585
619,20.6333,-0.001,0.0,0.001,TRACKING,True,0.4232
620,20.6667,-0.001,0.0,0.001,TRACKING,True,0.4707
621,20.7,-0.001,0.0,0.001,TRACKING,True,0.4309
622,20.7333,-0.001,0.0,0.001,TRACKING,True,0.4198
623,20.7667,-0.001,0.0,0.001,TRACKING,True,0.4105
624,20.8,-0.001,0.0,0.001,TRACKING,True,0.4339
625,20.8333,-0.001,0.0,0.001,TRACKING,True,0.4943
626,20.8667,-0.001,0.0,0.001,TRACKING,True,0.4438
627,20.9,-0.001,0.0,0.001,TRACKING,True,0.4416
628,20.9333,-0.001,0.0,0.001,TRACKING,True,0.4572
629,20.9667,-0.001,0.0,0.001,TRACKING,True,0.4867
630,21.0,-0.001,0.0,0.001,TRACKING,True,0.4588
631,21.0333,-0.001,0.0,0.001,TRACKING,True,0.4752
632,21.0667,-0.001,0.0,0.001,TRACKING,True,0.4677
633,21.1,-0.001,0.0,0.001,TRACKING,True,0.4793
634,21.1333,-0.001,0.0,0.001,TRACKING,True,0.4358
635,21.1667,-0.001,0.0,0.001,TRACKING,True,0.4405
636,21.2,-0.001,0.0,0.001,TRACKING,True,0.4732
637,21.2333,-0.001,0.0,0.001,TRACKING,True,0.4375
638,21.2667,-0.001,0.0,0.001,TRACKING,True,0.4209
639,21.3,-0.001,0.0,0.001,TRACKING,True,0.4249
640,21.3333,-0.001,0.0,0.001,TRACKING,True,0.4484
641,21.3667,-0.001,0.0,0.001,TRACKING,True,0.4717
642,21.4,-0.001,0.0,0.001,TRACKING,True,0.4445
643,21.4333,-0.001,0.0,0.001,TRACKING,True,0.4237
644,21.4667,-0.001,0.0,0.001,TRACKING,True,0.4456
645,21.5,-0.001,0.0,0.001,TRACKING,True,0.4648
646,21.5333,-0.0,0.0,0.0,TRACKING,True,0.4877
647,21.5667,-0.0,0.0,0.0,TRACKING,True,0.4532
648,21.6,-0.0,0.0,0.0,TRACKING,True,0.4683
649,21.6333,-0.0,0.0,0.0,TRACKING,True,0.4489
650,21.6667,-0.0,0.0,0.0,TRACKING,True,0.4438
651,21.7,-0.0,0.0,0.0,TRACKING,True,0.4787
652,21.7333,-0.0,0.0,0.0,TRACKING,True,0.4703
653,21.7667,-0.0,0.0,0.0,TRACKING,True,0.4745
654,21.8,-0.0,0.0,0.0,TRACKING,True,0.4499
655,21.8333,-0.0,0.0,0.0,TRACKING,True,0.438
656,21.8667,-0.0,0.0,0.0,TRACKING,True,0.4773
657,21.9,-0.0,0.0,0.0,TRACKING,True,0.4358
658,21.9333,-0.0,0.0,0.0,TRACKING,True,0.5205
659,21.9667,-0.0,0.0,0.0,TRACKING,True,0.4369
660,22.0,-0.0,0.0,0.0,TRACKING,True,0.4584
661,22.0333,-0.0,0.0,0.0,TRACKING,True,0.4468
662,22.0667,-0.0,0.0,0.0,TRACKING,True,0.4296
663,22.1,-0.0,0.0,0.0,TRACKING,True,0.4599
664,22.1333,-0.0,0.0,0.0,TRACKING,True,0.441
665,22.1667,-0.0,0.0,0.0,TRACKING,True,0.4508
666,22.2,-0.0,0.0,0.0,TRACKING,True,0.4284
667,22.2333,-0.0,0.0,0.0,TRACKING,True,0.457
668,22.2667,-0.0,0.0,0.0,TRACKING,True,0.4722
669,22.3,-0.0,0.0,0.0,TRACKING,True,0.4335
670,22.3333,-0.0,0.0,0.0,TRACKING,True,0.4305
671,22.3667,-0.0,0.0,0.0,TRACKING,True,0.481
672,22.4,-0.0,0.0,0.0,TRACKING,True,0.4398
673,22.4333,-0.0,0.0,0.0,TRACKING,True,0.5073
674,22.4667,-0.0,0.0,0.0,TRACKING,True,0.4559
675,22.5,-0.0,0.0,0.0,TRACKING,True,0.4639
676,22.5333,-0.0,0.0,0.0,TRACKING,True,0.4836
677,22.5667,-0.0,0.0,0.0,TRACKING,True,0.4801
678,22.6,-0.0,0.0,0.0,TRACKING,True,0.4486
679,22.6333,-0.0,0.0,0.0,TRACKING,True,0.4571
680,22.6667,-0.0,0.0,0.0,TRACKING,True,0.4669
681,22.7,-0.0,0.0,0.0,TRACKING,True,0.4705
682,22.7333,-0.0,0.0,0.0,TRACKING,True,0.4917
683,22.7667,-0.0,0.0,0.0,TRACKING,True,0.464
684,22.8,-0.0,0.0,0.0,TRACKING,True,0.4443
685,22.8333,-0.0,0.0,0.0,TRACKING,True,0.4421
686,22.8667,-0.0,0.0,0.0,TRACKING,True,0.4259
687,22.9,-0.0,0.0,0.0,TRACKING,True,0.4267
688,22.9333,-0.0,0.0,0.0,TRACKING,True,0.4719
689,22.9667,-0.0,0.0,0.0,TRACKING,True,0.4585
690,23.0,-0.0,0.0,0.0,TRACKING,True,0.4545
691,23.0333,-0.0,0.0,0.0,TRACKING,True,0.4638
692,23.0667,-0.0,0.0,0.0,TRACKING,True,0.4972
693,23.1,-0.0,0.0,0.0,TRACKING,True,0.4473
694,23.1333,-0.0,0.0,0.0,TRACKING,True,0.4963
695,23.1667,-0.0,0.0,0.0,TRACKING,True,0.4358
696,23.2,-0.0,0.0,0.0,TRACKING,True,0.4336
697,23.2333,-0.0,0.0,0.0,TRACKING,True,0.4483
698,23.2667,-0.0,0.0,0.0,TRACKING,True,0.4285
699,23.3,-0.0,0.0,0.0,TRACKING,True,0.6357
700,23.3333,-0.0,0.0,0.0,TRACKING,True,0.4162
701,23.3667,-0.0,0.0,0.0,TRACKING,True,0.4222
702,23.4,-0.0,0.0,0.0,TRACKING,True,0.476
703,23.4333,-0.0,0.0,0.0,TRACKING,True,0.471
704,23.4667,-0.0,0.0,0.0,TRACKING,True,0.4358
705,23.5,-0.0,0.0,0.0,TRACKING,True,0.4752
706,23.5333,-0.0,0.0,0.0,TRACKING,True,0.4795
707,23.5667,-0.0,0.0,0.0,TRACKING,True,0.46
708,23.6,-0.0,0.0,0.0,TRACKING,True,0.4482
709,23.6333,-0.0,0.0,0.0,TRACKING,True,0.4195
710,23.6667,-0.0,0.0,0.0,TRACKING,True,0.4843
711,23.7,-0.0,0.0,0.0,TRACKING,True,0.443
712,23.7333,-0.0,0.0,0.0,TRACKING,True,0.4666
713,23.7667,-0.0,0.0,0.0,TRACKING,True,0.442
714,23.8,-0.0,0.0,0.0,TRACKING,True,0.6373
715,23.8333,-0.0,0.0,0.0,TRACKING,True,0.4945
716,23.8667,-0.0,0.0,0.0,TRACKING,True,0.4588
717,23.9,-0.0,0.0,0.0,TRACKING,True,0.4465
718,23.9333,-0.0,0.0,0.0,TRACKING,True,0.5265
719,23.9667,-0.0,0.0,0.0,TRACKING,True,0.5971
720,24.0,-0.0,0.0,0.0,TRACKING,True,0.457
721,24.0333,-0.0,0.0,0.0,TRACKING,True,0.458
722,24.0667,-0.0,0.0,0.0,TRACKING,True,0.4456
723,24.1,-0.0,0.0,0.0,TRACKING,True,0.5046
724,24.1333,-0.0,0.0,0.0,TRACKING,True,0.463
725,24.1667,-0.0,0.0,0.0,TRACKING,True,0.518
726,24.2,-0.0,0.0,0.0,TRACKING,True,0.4249
727,24.2333,-0.0,0.0,0.0,TRACKING,True,0.4718
728,24.2667,-0.0,0.0,0.0,TRACKING,True,0.425
729,24.3,-0.0,0.0,0.0,TRACKING,True,0.467
730,24.3333,-0.0,0.0,0.0,TRACKING,True,0.449
731,24.3667,-0.0,0.0,0.0,TRACKING,True,0.4572
732,24.4,-0.0,0.0,0.0,TRACKING,True,0.4477
733,24.4333,-0.0,0.0,0.0,TRACKING,True,0.4256
734,24.4667,-0.0,0.0,0.0,TRACKING,True,0.4456
735,24.5,-0.0,0.0,0.0,TRACKING,True,0.4562
736,24.5333,-0.0,0.0,0.0,TRACKING,True,0.7068
737,24.5667,-0.0,0.0,0.0,TRACKING,True,0.4285
738,24.6,-0.0,0.0,0.0,TRACKING,True,0.4331
739,24.6333,-0.0,0.0,0.0,TRACKING,True,0.4274
740,24.6667,-0.0,0.0,0.0,TRACKING,True,0.4782
741,24.7,-0.0,0.0,0.0,TRACKING,True,0.5238
742,24.7333,-0.0,0.0,0.0,TRACKING,True,0.4528
743,24.7667,-0.0,0.0,0.0,TRACKING,True,0.428
744,24.8,-0.0,0.0,0.0,TRACKING,True,0.4168
745,24.8333,-0.0,0.0,0.0,TRACKING,True,0.4349
746,24.8667,-0.0,0.0,0.0,TRACKING,True,0.4341
747,24.9,-0.0,0.0,0.0,TRACKING,True,0.426
748,24.9333,-0.0,0.0,0.0,TRACKING,True,0.4643
749,24.9667,-0.0,0.0,0.0,TRACKING,True,0.439
750,25.0,-0.0,0.0,0.0,TRACKING,True,0.4376
751,25.0333,-0.0,0.0,0.0,TRACKING,True,0.4345
752,25.0667,-0.0,0.0,0.0,TRACKING,True,0.4416
753,25.1,-0.0,0.0,0.0,TRACKING,True,0.4547
754,25.1333,-0.0,0.0,0.0,TRACKING,True,0.4558
755,25.1667,-0.0,0.0,0.0,TRACKING,True,0.7655
756,25.2,-0.0,0.0,0.0,TRACKING,True,0.4098
757,25.2333,-0.0,0.0,0.0,TRACKING,True,0.477
758,25.2667,-0.0,0.0,0.0,TRACKING,True,0.471
759,25.3,-0.0,0.0,0.0,TRACKING,True,0.5134
760,25.3333,-0.0,0.0,0.0,TRACKING,True,0.5014
761,25.3667,-0.0,0.0,0.0,TRACKING,True,0.4655
762,25.4,-0.0,0.0,0.0,TRACKING,True,0.4651
763,25.4333,-0.0,0.0,0.0,TRACKING,True,0.5141
764,25.4667,-0.0,0.0,0.0,TRACKING,True,0.4165
765,25.5,-0.0,0.0,0.0,TRACKING,True,0.4557
766,25.5333,-0.0,0.0,0.0,TRACKING,True,0.4383
767,25.5667,-0.0,0.0,0.0,TRACKING,True,0.4492
768,25.6,-0.0,0.0,0.0,TRACKING,True,0.4569
769,25.6333,-0.0,0.0,0.0,TRACKING,True,0.432
770,25.6667,-0.0,0.0,0.0,TRACKING,True,0.4509
771,25.7,-0.0,0.0,0.0,TRACKING,True,0.4597
772,25.7333,-0.0,0.0,0.0,TRACKING,True,0.4418
773,25.7667,-0.0,0.0,0.0,TRACKING,True,0.4883
774,25.8,-0.0,0.0,0.0,TRACKING,True,0.4318
775,25.8333,-0.0,0.0,0.0,TRACKING,True,0.4661
776,25.8667,-0.0,0.0,0.0,TRACKING,True,0.4962
777,25.9,-0.0,0.0,0.0,TRACKING,True,0.5025
778,25.9333,-0.0,0.0,0.0,TRACKING,True,0.4497
779,25.9667,-0.0,0.0,0.0,TRACKING,True,0.4974
780,26.0,-0.0,0.0,0.0,TRACKING,True,0.4127
781,26.0333,-0.0,0.0,0.0,TRACKING,True,0.4322
782,26.0667,-0.0,0.0,0.0,TRACKING,True,0.4368
783,26.1,-0.0,0.0,0.0,TRACKING,True,0.436
784,26.1333,-0.0,0.0,0.0,TRACKING,True,0.4241
785,26.1667,-0.0,0.0,0.0,TRACKING,True,0.4563
786,26.2,-0.0,0.0,0.0,TRACKING,True,0.4304
787,26.2333,-0.0,0.0,0.0,TRACKING,True,0.448
788,26.2667,-0.0,0.0,0.0,TRACKING,True,0.4617
789,26.3,-0.0,0.0,0.0,TRACKING,True,0.5093
790,26.3333,-0.0,0.0,0.0,TRACKING,True,0.4582
791,26.3667,-0.0,0.0,0.0,TRACKING,True,0.4451
792,26.4,-0.0,0.0,0.0,TRACKING,True,0.4438
793,26.4333,-0.0,0.0,0.0,TRACKING,True,0.4989
794,26.4667,-0.0,0.0,0.0,TRACKING,True,0.4499
795,26.5,-0.0,0.0,0.0,TRACKING,True,0.5197
796,26.5333,-0.0,0.0,0.0,TRACKING,True,0.4277
797,26.5667,-0.0,0.0,0.0,TRACKING,True,0.4854
798,26.6,-0.0,0.0,0.0,TRACKING,True,0.4628
799,26.6333,-0.0,0.0,0.0,TRACKING,True,0.4481
800,26.6667,-0.0,0.0,0.0,TRACKING,True,0.4491
801,26.7,-0.0,0.0,0.0,TRACKING,True,0.4393
802,26.7333,-0.0,0.0,0.0,TRACKING,True,0.4643
803,26.7667,-0.0,0.0,0.0,TRACKING,True,0.4393
804,26.8,-0.0,0.0,0.0,TRACKING,True,0.4409
805,26.8333,-0.0,0.0,0.0,TRACKING,True,0.4528
806,26.8667,-0.0,0.0,0.0,TRACKING,True,0.6139
807,26.9,-0.0,0.0,0.0,TRACKING,True,0.4453
808,26.9333,-0.0,0.0,0.0,TRACKING,True,0.4601
809,26.9667,-0.0,0.0,0.0,TRACKING,True,0.4416
810,27.0,-0.0,0.0,0.0,TRACKING,True,0.4671
811,27.0333,-0.0,0.0,0.0,TRACKING,True,0.4814
812,27.0667,-0.0,0.0,0.0,TRACKING,True,0.4926
813,27.1,-0.0,0.0,0.0,TRACKING,True,0.6093
814,27.1333,0.0,0.0,0.0,TRACKING,True,0.493
815,27.1667,0.0,0.0,0.0,TRACKING,True,0.4747
816,27.2,0.0,0.0,0.0,TRACKING,True,0.5627
817,27.2333,0.0,0.0,0.0,TRACKING,True,0.5244
818,27.2667,0.0,0.0,0.0,TRACKING,True,1.786
819,27.3,0.0,0.0,0.0,TRACKING,True,0.5566
820,27.3333,0.0,0.0,0.0,TRACKING,True,0.4448
821,27.3667,0.0,0.0,0.0,TRACKING,True,0.4556
822,27.4,0.0,0.0,0.0,TRACKING,True,0.4681
823,27.4333,0.0,0.0,0.0,TRACKING,True,0.4712
824,27.4667,0.0,0.0,0.0,TRACKING,True,0.456
825,27.5,0.0,0.0,0.0,TRACKING,True,0.4591
826,27.5333,0.0,0.0,0.0,TRACKING,True,0.4551
827,27.5667,0.0,0.0,0.0,TRACKING,True,0.4964
828,27.6,0.0,0.0,0.0,TRACKING,True,0.4717
829,27.6333,0.0,0.0,0.0,TRACKING,True,0.4351
830,27.6667,0.0,0.0,0.0,TRACKING,True,0.5001
831,27.7,0.0,0.0,0.0,TRACKING,True,0.4711
832,27.7333,0.0,0.0,0.0,TRACKING,True,0.4391
833,27.7667,0.0,0.0,0.0,TRACKING,True,0.4397
834,27.8,0.0,0.0,0.0,TRACKING,True,0.4542
835,27.8333,0.0,0.0,0.0,TRACKING,True,0.4316
836,27.8667,0.0,0.0,0.0,TRACKING,True,0.4338
837,27.9,0.0,0.0,0.0,TRACKING,True,0.4524
838,27.9333,0.0,0.0,0.0,TRACKING,True,0.4261
839,27.9667,0.0,0.0,0.0,TRACKING,True,0.4523
840,28.0,0.0,0.0,0.0,TRACKING,True,0.4375
841,28.0333,0.0,0.0,0.0,TRACKING,True,0.4768
842,28.0667,0.0,0.0,0.0,TRACKING,True,0.4536
843,28.1,0.0,0.0,0.0,TRACKING,True,0.4826
844,28.1333,0.0,0.0,0.0,TRACKING,True,0.4634
845,28.1667,0.0,0.0,0.0,TRACKING,True,0.426
846,28.2,0.0,0.0,0.0,TRACKING,True,0.4539
847,28.2333,0.0,0.0,0.0,TRACKING,True,0.5197
848,28.2667,0.0,0.0,0.0,TRACKING,True,0.5092
849,28.3,0.0,0.0,0.0,TRACKING,True,0.4992
850,28.3333,0.0,0.0,0.0,TRACKING,True,0.5016
851,28.3667,0.0,0.0,0.0,TRACKING,True,0.453
852,28.4,0.0,0.0,0.0,TRACKING,True,0.4141
853,28.4333,0.0,0.0,0.0,TRACKING,True,0.4213
854,28.4667,0.0,0.0,0.0,TRACKING,True,0.5089
855,28.5,0.0,0.0,0.0,TRACKING,True,0.4574
856,28.5333,0.0,0.0,0.0,TRACKING,True,0.4686
857,28.5667,0.0,0.0,0.0,TRACKING,True,0.4331
858,28.6,0.0,0.0,0.0,TRACKING,True,0.4591
859,28.6333,0.0,0.0,0.0,TRACKING,True,0.4608
860,28.6667,0.0,0.0,0.0,TRACKING,True,0.4832
861,28.7,0.0,0.0,0.0,TRACKING,True,0.418
862,28.7333,0.0,0.0,0.0,TRACKING,True,0.4356
863,28.7667,0.0,0.0,0.0,TRACKING,True,0.4481
864,28.8,0.0,0.0,0.0,TRACKING,True,0.5543
865,28.8333,0.0,0.0,0.0,TRACKING,True,0.4963
866,28.8667,0.0,0.0,0.0,TRACKING,True,0.4998
867,28.9,0.0,0.0,0.0,TRACKING,True,0.4459
868,28.9333,0.0,0.0,0.0,TRACKING,True,0.4812
869,28.9667,0.0,0.0,0.0,TRACKING,True,0.4616
870,29.0,0.0,0.0,0.0,TRACKING,True,0.4712
871,29.0333,0.0,0.0,0.0,TRACKING,True,0.4888
872,29.0667,0.0,0.0,0.0,TRACKING,True,0.4637
873,29.1,0.0,0.0,0.0,TRACKING,True,0.4745
874,29.1333,0.0,0.0,0.0,TRACKING,True,0.4924
875,29.1667,0.0,0.0,0.0,TRACKING,True,0.4519
876,29.2,0.0,0.0,0.0,TRACKING,True,0.4661
877,29.2333,0.0,0.0,0.0,TRACKING,True,0.4574
878,29.2667,0.0,0.0,0.0,TRACKING,True,0.4694
879,29.3,0.0,0.0,0.0,TRACKING,True,0.4962
880,29.3333,0.0,0.0,0.0,TRACKING,True,0.4869
881,29.3667,0.0,0.0,0.0,TRACKING,True,0.5471
882,29.4,0.0,0.0,0.0,TRACKING,True,0.4683
883,29.4333,0.0,0.0,0.0,TRACKING,True,0.4477
884,29.4667,0.0,0.0,0.0,TRACKING,True,0.4563
885,29.5,0.0,0.0,0.0,TRACKING,True,0.4255
886,29.5333,0.0,0.0,0.0,TRACKING,True,0.4595
887,29.5667,0.0,0.0,0.0,TRACKING,True,0.4577
888,29.6,0.0,0.0,0.0,TRACKING,True,0.448
889,29.6333,0.0,0.0,0.0,TRACKING,True,0.424
890,29.6667,0.0,0.0,0.0,TRACKING,True,0.4479
891,29.7,0.0,0.0,0.0,TRACKING,True,0.4374
892,29.7333,0.0,0.0,0.0,TRACKING,True,0.4331
893,29.7667,0.0,0.0,0.0,TRACKING,True,0.4389
894,29.8,0.0,0.0,0.0,TRACKING,True,0.4402
895,29.8333,0.0,0.0,0.0,TRACKING,True,0.4406
896,29.8667,0.0,0.0,0.0,TRACKING,True,0.475
897,29.9,0.0,0.0,0.0,TRACKING,True,0.4651
898,29.9333,0.0,0.0,0.0,TRACKING,True,0.4468
899,29.9667,0.0,0.0,0.0,TRACKING,True,0.5452
